Epoch,train_accs,val_accs
1,22.037037037037038,48.888888888888886
2,57.73148148148148,68.14814814814815
3,74.95370370370371,76.11111111111111
4,81.85185185185185,79.62962962962963
5,84.81481481481481,82.77777777777777
6,86.48148148148148,83.70370370370371
7,87.36111111111111,84.62962962962963
8,88.47222222222223,84.81481481481481
9,88.42592592592592,86.48148148148148
10,89.72222222222223,86.11111111111111
